{"loss": [0.040975794196128845, 0.01394305657595396, 0.011942146345973015, 0.010385467670857906, 0.009586836211383343, 0.00882017519325018, 0.008451725356280804, 0.007984571158885956, 0.007671954110264778, 0.007578346878290176], "epoch": [0, 1, 2, 3, 4, 5, 6, 7, 8, 9]}