{"loss": [3.60020112991333, 1.3144187927246094, 1.1976922750473022, 1.010426640510559, 0.8866530060768127, 0.7974408864974976, 0.6595589518547058, 0.5949666500091553, 0.5069155097007751, 0.4922902286052704, 0.47380369901657104, 0.3936884105205536, 0.4301026165485382, 0.35115164518356323, 0.3265566825866699, 0.3655087947845459, 0.2682364583015442, 0.285906583070755, 0.30990222096443176, 0.2575986981391907, 0.2996633052825928, 0.22212570905685425, 0.22962108254432678, 0.1874089539051056, 0.18224449455738068], "accuracy": [0.2966027855873108, 0.4124564528465271, 0.5030487775802612, 0.575348436832428, 0.6437281966209412, 0.6803135871887207, 0.7412891983985901, 0.7687281966209412, 0.799651563167572, 0.8074913024902344, 0.815330982208252, 0.8466898798942566, 0.8244773745536804, 0.8601916432380676, 0.8763065934181213, 0.8623693585395813, 0.8989546895027161, 0.8871951103210449, 0.8723867535591125, 0.9002613425254822, 0.8902438879013062, 0.9172474145889282, 0.9146341681480408, 0.9359756112098694, 0.9364111423492432], "val_loss": [1.374502420425415, 1.0845913887023926, 0.9977622032165527, 0.887220025062561, 0.6920833587646484, 0.7013787031173706, 0.5641286373138428, 0.5443835258483887, 0.4998445510864258, 0.49057134985923767, 0.4972939193248749, 0.42430710792541504, 0.4010121822357178, 0.4015998840332031, 0.38756662607192993, 0.34352198243141174, 0.4476354420185089, 0.3919038772583008, 0.44667989015579224, 0.4465932250022888, 0.40508225560188293, 0.36649641394615173, 0.3355887830257416, 0.32419145107269287, 0.34175482392311096], "val_accuracy": [0.2926829159259796, 0.5592334270477295, 0.5627177953720093, 0.6707317233085632, 0.7439024448394775, 0.6951219439506531, 0.7874564528465271, 0.799651563167572, 0.7891985774040222, 0.8205574750900269, 0.8135888576507568, 0.8327525854110718, 0.8432055711746216, 0.8379790782928467, 0.8362369537353516, 0.8641114830970764, 0.8554006814956665, 0.8432055711746216, 0.8275261521339417, 0.8362369537353516, 0.8379790782928467, 0.8693379759788513, 0.9024389982223511, 0.8850173950195312, 0.8745644688606262], "epoch": [0, 1, 2, 3, 4, 5, 6, 7, 8, 9, 10, 11, 12, 13, 14, 15, 16, 17, 18, 19, 20, 21, 22, 23, 24]}